<configuration>
<!-- <property><name>dfs.namenode.rpc-address</name><value>namenode:8020</value></property> -->
<!-- <property><name>dfs.permissions.enabled</name><value>false</value></property> -->
<!-- <property><name>dfs.permissions</name><value>false</value></property> -->
<!-- <property><name>dfs_webhdfs_enabled</name><value>true</value></property> -->
<!-- <property><name>dfs_namenode_datanode_registration_ip___hostname___check</name><value>false</value></property> -->
<!-- <property><name>dfs.replication</name><value>1</value></property> -->
</configuration>