<?xml version="1.0" encoding="UTF-8"?>
<!--
  Licensed to the Apache Software Foundation (ASF) under one or more
  contributor license agreements.  See the NOTICE file distributed with
  this work for additional information regarding copyright ownership.
  The ASF licenses this file to You under the Apache License, Version 2.0
  (the "License"); you may not use this file except in compliance with
  the License.  You may obtain a copy of the License at

      http://www.apache.org/licenses/LICENSE-2.0

  Unless required by applicable law or agreed to in writing, software
  distributed under the License is distributed on an "AS IS" BASIS,
  WITHOUT WARRANTIES OR CONDITIONS OF ANY KIND, either express or implied.
  See the License for the specific language governing permissions and
  limitations under the License.
-->
<configuration>
    <property>
        <name>hive.server2.enable.doAs</name>
        <value>false</value>
    </property>
    <property>
        <name>hive.tez.exec.inplace.progress</name>
        <value>false</value>
    </property>
    <property>
        <name>hive.exec.scratchdir</name>
        <value>/opt/hive/scratch_dir</value>
    </property>
    <property>
        <name>hive.user.install.directory</name>
        <value>/opt/hive/install_dir</value>
    </property>
    <property>
        <name>tez.runtime.optimize.local.fetch</name>
        <value>true</value>
    </property>
    <property>
        <name>hive.exec.submit.local.task.via.child</name>
        <value>false</value>
    </property>
    <property>
        <name>mapreduce.framework.name</name>
        <value>local</value>
    </property>
    <property>
        <name>tez.local.mode</name>
        <value>true</value>
    </property>
    <property>
        <name>hive.execution.engine</name>
        <value>tez</value>
    </property>
    <property>
        <name>metastore.warehouse.dir</name>
        <value>/opt/hive/data/warehouse</value>
    </property>
    <property>
        <name>metastore.metastore.event.db.notification.api.auth</name>
        <value>false</value>
    </property>
    <property>
        <name>hive.log.explain.output</name>
        <value>false</value>
        <description> Whether to log explain output for every query. When enabled, will log EXPLAIN EXTENDED output for the query at INFO log4j log level. </description>
    </property>
    <property>
        <name>hive.explain.user</name>
        <value>false</value>
        <description> Whether to show explain result at user level. When enabled, will log EXPLAIN output for the query at user level. </description>
    </property>
    <property>
        <name>hive.server2.webui.explain.output</name>
        <value>true</value>
    </property>
    <property>
        <name>fs.s3a.impl</name>
        <value>org.apache.hadoop.fs.s3a.S3AFileSystem</value>
    </property>
    <property>
        <name>fs.s3a.endpoint</name>
        <value>http://minio:9000</value>
    </property>
    <property>
        <name>fs.s3a.path.style.access</name>
        <value>true</value>
    </property>
    <property>
        <name>fs.s3a.access.key</name>
        <value>datalake</value>
    </property>
    <property>
        <name>fs.s3a.secret.key</name>
        <value>datalake</value>
    </property>
    <property>
        <name>fs.s3a.awsAccessKeyId</name>
        <value>datalake</value>
    </property>
    <property>
        <name>fs.s3a.awsSecretAccessKey</name>
        <value>datalake</value>
    </property>
    <property>
        <name>fs.s3a.connection.ssl.enabled</name>
        <value>false</value>
    </property>
    
    
</configuration>
